{
    "description": "项目配置文件",
    "setting": {
        "bundle": false,
        "userConfirmedBundleSwitch": false,
        "urlCheck": true,
        "scopeDataCheck": false,
        "coverView": true,
        "es6": true,
        "postcss": true,
        "compileHotReLoad": false,
        "lazyloadPlaceholderEnable": false,
        "preloadBackgroundData": false,
        "minified": true,
        "autoAudits": false,
        "newFeature": false,
        "uglifyFileName": false,
        "uploadWithSourceMap": true,
        "useIsolateContext": true,
        "nodeModules": false,
        "enhance": true,
        "useMultiFrameRuntime": true,
        "showShadowRootInWxmlPanel": true,
        "packNpmManually": false,
        "enableEngineNative": false,
        "packNpmRelationList": [],
        "minifyWXSS": true,
        "showES6CompileOption": false,
        "minifyWXML": true,
        "babelSetting": {
            "ignore": [],
            "disablePlugins": [],
            "outputPath": ""
        },
        "condition": false,
        "ignoreUploadUnusedFiles": false
    },
    "compileType": "miniprogram",
    "condition": {},
    "editorSetting": {
        "tabIndent": "insertSpaces",
        "tabSize": 4
    },
    "libVersion": "2.19.4",
    "packOptions": {
        "ignore": [],
        "include": []
    },
    "appid": "wx7674e49338c31a17"
}