{
    "description": "项目私有配置文件。此文件中的内容将覆盖 project.config.json 中的相同字段。项目的改动优先同步到此文件中。详见文档：https://developers.weixin.qq.com/miniprogram/dev/devtools/projectconfig.html",
    "projectname": "%E5%89%8D%E7%AB%AF%E4%BB%A3%E7%A0%81",
    "setting": {
        "compileHotReLoad": true,
        "urlCheck": true
    },
    "condition": {
        "miniprogram": {
            "list": [
                {
                    "name": "走势图",
                    "pathName": "pages/trend/3/index",
                    "query": "type=3",
                    "launchMode": "default",
                    "scene": null
                },
                {
                    "name": "登录",
                    "pathName": "pages/user/index/index",
                    "query": "",
                    "launchMode": "default",
                    "scene": null
                },
                {
                    "name": "历史开奖",
                    "pathName": "pages/history/index",
                    "query": "type=6",
                    "launchMode": "default",
                    "scene": null
                },
                {
                    "name": "详情",
                    "pathName": "pages/detail/index",
                    "query": "id=544",
                    "launchMode": "default",
                    "scene": null
                },
                {
                    "name": "大乐透 - 详情",
                    "pathName": "pages/detail/index",
                    "query": "id=737",
                    "launchMode": "default",
                    "scene": null
                },
                {
                    "name": "3D - 详情",
                    "pathName": "pages/detail/index",
                    "query": "id=684",
                    "launchMode": "default",
                    "scene": null
                },
                {
                    "name": "排列三 - 详情",
                    "pathName": "pages/detail/index",
                    "query": "id=685",
                    "launchMode": "default",
                    "scene": null
                },
                {
                    "name": "排列五 - 详情",
                    "pathName": "pages/detail/index",
                    "query": "id=686",
                    "launchMode": "default",
                    "scene": null
                },
                {
                    "name": "七星彩 - 详情",
                    "pathName": "pages/detail/index",
                    "query": "id=687",
                    "launchMode": "default",
                    "scene": null
                },
                {
                    "name": "我的",
                    "pathName": "pages/user/index/index",
                    "query": "",
                    "launchMode": "default",
                    "scene": null
                }
            ]
        }
    }
}